{"cameraMode":{"drawMode":0,"name":"Shaded","section":"Shading Mode"},"sceneLighting":false,"audioPlay":false,"sceneViewState":{"showFog":true,"showMaterialUpdate":false,"showSkybox":false,"showFlares":true,"showImageEffects":true,"showParticleSystems":true},"in2DMode":false,"pivot":{"x":-0.8556346893310547,"y":1.4769744873046876,"z":-2.9030308723449709},"rotation":{"x":-0.07073534280061722,"y":0.05424617975950241,"z":-0.0038657356053590776,"w":-0.9960396885871887},"size":1.3351030349731446,"orthographic":false}