{"cameraMode":{"drawMode":0,"name":"Shaded","section":"Shading Mode"},"sceneLighting":true,"audioPlay":false,"sceneViewState":{"showFog":true,"showMaterialUpdate":false,"showSkybox":true,"showFlares":true,"showImageEffects":true,"showParticleSystems":true},"in2DMode":false,"pivot":{"x":0.5121674537658691,"y":3.477632522583008,"z":1.5862787961959839},"rotation":{"x":-0.613116979598999,"y":0.23820088803768159,"z":-0.20120427012443543,"w":-0.7258565425872803},"size":49.98151779174805,"orthographic":true}