{"cameraMode":{"drawMode":0,"name":"Shaded","section":"Shading Mode"},"sceneLighting":false,"audioPlay":false,"sceneViewState":{"showFog":true,"showMaterialUpdate":false,"showSkybox":false,"showFlares":true,"showImageEffects":true,"showParticleSystems":true},"in2DMode":false,"pivot":{"x":98.41276550292969,"y":-70.66344451904297,"z":-238.70578002929688},"rotation":{"x":-0.015800846740603448,"y":-0.981552004814148,"z":0.16628949344158173,"w":-0.09418170899152756},"size":143.96939086914063,"orthographic":false}