{"cameraMode":{"drawMode":0,"name":"Shaded","section":"Shading Mode"},"sceneLighting":false,"audioPlay":false,"sceneViewState":{"showFog":true,"showMaterialUpdate":false,"showSkybox":false,"showFlares":true,"showImageEffects":true,"showParticleSystems":true},"in2DMode":false,"pivot":{"x":-0.11316975951194763,"y":0.5455998182296753,"z":-0.36856624484062197},"rotation":{"x":0.0011967960745096207,"y":0.9931836128234863,"z":-0.12168548256158829,"w":0.015621723607182503},"size":0.99946528673172,"orthographic":false}