{"cameraMode":{"drawMode":0,"name":"Shaded","section":"Shading Mode"},"sceneLighting":false,"audioPlay":false,"sceneViewState":{"showFog":true,"showMaterialUpdate":false,"showSkybox":false,"showFlares":true,"showImageEffects":true,"showParticleSystems":true},"in2DMode":false,"pivot":{"x":0.19629141688346864,"y":7.427794933319092,"z":-0.0036094188690185549},"rotation":{"x":-0.006564769893884659,"y":-0.9930826425552368,"z":0.06754712015390396,"w":-0.09812161326408386},"size":1.1376514434814454,"orthographic":false}