{"cameraMode":{"drawMode":0,"name":"Shaded","section":"Shading Mode"},"sceneLighting":false,"audioPlay":false,"sceneViewState":{"showFog":true,"showMaterialUpdate":false,"showSkybox":false,"showFlares":true,"showImageEffects":true,"showParticleSystems":true},"in2DMode":false,"pivot":{"x":-7.542906284332275,"y":-3.4688174724578859,"z":-0.19181466102600099},"rotation":{"x":-0.27191460132598879,"y":0.15875570476055146,"z":-0.04553423076868057,"w":-0.9480747580528259},"size":2.180238962173462,"orthographic":false}