{"cameraMode":{"drawMode":0,"name":"Shaded","section":"Shading Mode"},"sceneLighting":false,"audioPlay":false,"sceneViewState":{"showFog":true,"showMaterialUpdate":false,"showSkybox":false,"showFlares":true,"showImageEffects":true,"showParticleSystems":true},"in2DMode":false,"pivot":{"x":-1.1683101654052735,"y":6.9580159187316898,"z":1.0893230438232422},"rotation":{"x":0.000041223094740416855,"y":0.9956264495849609,"z":-0.0941770151257515,"w":-0.0002538907283451408},"size":1.473940134048462,"orthographic":false}