{"cameraMode":{"drawMode":0,"name":"Shaded","section":"Shading Mode"},"sceneLighting":false,"audioPlay":false,"sceneViewState":{"showFog":true,"showMaterialUpdate":false,"showSkybox":false,"showFlares":true,"showImageEffects":true,"showParticleSystems":true},"in2DMode":false,"pivot":{"x":-1.2400000095367432,"y":6.090000152587891,"z":0.10000002384185791},"rotation":{"x":0.4325644373893738,"y":-0.52960604429245,"z":0.36140748858451846,"w":0.6339013576507568},"size":1.473940134048462,"orthographic":false}