{"cameraMode":{"drawMode":0,"name":"Shaded","section":"Shading Mode"},"sceneLighting":true,"audioPlay":false,"sceneViewState":{"showFog":true,"showMaterialUpdate":false,"showSkybox":false,"showFlares":true,"showImageEffects":true,"showParticleSystems":true},"in2DMode":false,"pivot":{"x":626.9398193359375,"y":307.5325927734375,"z":87.6114273071289},"rotation":{"x":-0.2703089714050293,"y":0.6367283463478088,"z":-0.25457140803337099,"w":-0.6762292981147766},"size":656.6500854492188,"orthographic":false}